{"cameraMode":{"drawMode":0,"name":"Shaded","section":"Shading Mode"},"sceneLighting":true,"audioPlay":false,"sceneViewState":{"showFog":true,"showMaterialUpdate":false,"showSkybox":false,"showFlares":true,"showImageEffects":true,"showParticleSystems":true},"in2DMode":false,"pivot":{"x":4.4526753425598148,"y":-2.456937789916992,"z":8.149295806884766},"rotation":{"x":-0.45867326855659487,"y":0.33626753091812136,"z":-0.19289611279964448,"w":-0.7995876669883728},"size":26.533533096313478,"orthographic":false}