{"cameraMode":{"drawMode":0,"name":"Shaded","section":"Shading Mode"},"sceneLighting":true,"audioPlay":false,"sceneViewState":{"showFog":true,"showMaterialUpdate":false,"showSkybox":false,"showFlares":true,"showImageEffects":true,"showParticleSystems":true},"in2DMode":false,"pivot":{"x":0.8386939764022827,"y":0.5496315956115723,"z":-1.8772623538970948},"rotation":{"x":-0.6966108083724976,"y":0.026234256103634836,"z":-0.025504762306809427,"w":-0.7165213823318481},"size":9.127416610717774,"orthographic":false}