{"cameraMode":{"drawMode":0,"name":"Shaded","section":"Shading Mode"},"sceneLighting":false,"audioPlay":false,"sceneViewState":{"showFog":true,"showMaterialUpdate":false,"showSkybox":false,"showFlares":true,"showImageEffects":true,"showParticleSystems":true},"in2DMode":false,"pivot":{"x":1.6200000047683716,"y":-0.35499998927116396,"z":1.2599999904632569},"rotation":{"x":-0.20880068838596345,"y":-0.3305920362472534,"z":0.07525034993886948,"w":-0.9173098802566528},"size":22.0,"orthographic":false}