{"cameraMode":{"drawMode":0,"name":"Shaded","section":"Shading Mode"},"sceneLighting":true,"audioPlay":false,"sceneViewState":{"showFog":true,"showMaterialUpdate":false,"showSkybox":true,"showFlares":true,"showImageEffects":true,"showParticleSystems":true},"in2DMode":false,"pivot":{"x":1.889706015586853,"y":-0.7297501564025879,"z":0.11105632781982422},"rotation":{"x":-0.47008129954338076,"y":-0.1451791226863861,"z":0.07871333509683609,"w":-0.8670418858528137},"size":12.298457145690918,"orthographic":false}